store,food,kg
1,Banana,"77,1"
1,Plum,"16,9"
1,Spinach,"5,6"
1,Maroon cucumber,"1,1"
1,Cassava,"51,0"
1,Pumpkin,"16,7"
1,Avocado,"3,6"
1,Chicory,"1,1"
1,Apple,"48,3"
1,Mango,"15,1"
1,Strawberry,"3,4"
1,Okra,"0,9"
1,Tomato,"44,9"
1,Eggplant,"14,0"
1,Onion peels,"3,0"
1,Fresh fennel,"0,8"
1,Potato,"40,9"
1,Lemon,"13,7"
1,Cauliflower,"2,9"
1,Guava,"0,7"
1,Orange,"37,4"
1,Peach,"12,7"
1,Watercress,"2,8"
1,Celery,"0,7"
1,Melon,"35,1"
1,Grape,"11,7"
1,Passion fruit,"2,8"
1,Persian lime,"0,5"
1,Cabbage,"33,8"
1,Chayote,"10,3"
1,Arracacha,"2,7"
1,Leek,"0,5"
1,Carrot,"31,0"
1,Watermelon,"9,9"
1,Ginger,"2,3"
1,Mint,"0,5"
1,Cucumber,"27,1"
1,Broccoli,"7,8"
1,Arugula,"2,3"
1,Radish,"0,2"
1,Green pepper,"27,1"
1,Corn,"7,4"
1,Parsley,"2,0"
1,Blackberry,"0,2"
1,Papaya,"26,8"
1,Collard green,"6,5"
1,Coconut,"2,0"
1,Basil,"0,2"
1,Pear,"23,7"
1,Escarole,"6,1"
1,Chives,"2,0"
1,Parsley and chives,"0,2"
1,Lettuce,"22,0"
1,Pepper,"6,0"
1,Scarlet eggplant,"2,0"
1,Kiwi,"0,2"
1,Beet,"21,8"
1,Purple yam,"5,9"
1,Sweet potato,"1,5"
1,Yam,"0,1"
1,Tangerine,"18,3"
1,String bean,"5,8"
1,Chinese cabbage,"1,5"
1,Laurel (branches),"0,1"
2,Banana,"46,7"
2,Cucumber,"6,9"
2,Lemon,"2,2"
2,Chicory,"0,5"
2,Tomato,"37,1"
2,Beet,"5,0"
2,Ginger,"1,5"
2,Arracacha,"0,5"
2,Orange,"26,1"
2,Pepper,"4,7"
2,Scarlet eggplant,"0,9"
2,Chinese cabbage,"0,5"
2,Mango,"15,1"
2,Watermelon,"4,1"
2,Dandelion green,"0,9"
2,Grape,"0,5"
2,Carrot,"14,9"
2,Peach,"4,0"
2,Plum,"0,8"
2,Leek,"0,4"
2,Cabbage,"12,4"
2,Apple,"3,5"
2,Lettuce,"0,8"
2,Green pepper,"0,2"
2,Avocado,"8,4"
2,Pear,"3,1"
2,Arugula,"0,8"
2,Chives,"0,1"
2,Papaya,"8,0"
2,Pumpkin,"2,6"
2,Okra,"0,6"
2,Onion,"0,1"
2,Eggplant,"7,7"
2,Passion fruit,"2,6"
2,Broccoli,"0,6"
2,Parsley,"0,1"
2,Potato,"7,1"
2,Chayote,"2,4"
2,Purple sweet potato,"0,5"
3,Banana,"259,9"
3,​ Carrot,"22,0"
3,​ Melon,"3,6"
3,​ Yam,"1,5"
3,Cabbage,"138,1"
3,​ Pepper,"18,4"
3,​ Lettuce,"3,2"
3,​ Chicory,"1,3"
3,Tomato,"107,7"
3,​ Passion fruit,"18,0"
3,​ String bean,"3,2"
3,​ Ginger,"1,3"
3,Potato,"75,9"
3,​ Papaya,"14,3"
3,​ Pepper,"3,2"
3,​ Chives,"1,2"
3,Orange,"56,3"
3,​ Watermelon,"12,3"
3,​ Garlic,"3,0"
3,​ Grape,"0,9"
3,Pumpkin,"55,3"
3,​ Corn,"11,8"
3,​ Chinese cabbage,"2,8"
3,​ Guava,"0,9"
3,Apple,"42,4"
3,​ Chayote,"9,7"
3,​ Kiwi,"2,3"
3,​ Okra,"0,8"
3,Mango,"38,3"
3,​ Coconut,"6,7"
3,​ Avocado,"2,3"
3,​ Arugula,"0,5"
3,Lemon,"36,7"
3,​ Beet,"6,6"
3,​ Star fruit,"2,2"
3,​ Peach,"0,5"
3,Tangerine,"36,5"
3,​ Broccoli,"6,3"
3,​ Purple sweet potato,"2,2"
3,​ Parsley,"0,4"
3,Onion,"27,3"
3,​ Persimmon,"5,8"
3,​ Nectarine,"2,0"
3,​ Fig,"0,3"
3,Cucumber,"27,1"
3,​ Pineapple,"5,0"
3,​ Dandelion green,"1,7"
3,​ Pear,"0,2"
3,Arracacha,"25,6"
3,​ Scarlet eggplant,"4,7"
3,​ Pitaya,"1,7"
3,​ Plum,"0,2"
3,Eggplant,"24,9"
3,​ Strawberry,"3,6"